<?xml version="1.0" encoding="utf-8"?>
<ApplicationPackage SchemaVersion="1.0" AutodeskProduct="Revit" Name="ricaun.DA4R.NUnit" AppVersion="3.0.0" ProductType="Application" ProductCode="6afafb38-74ec-4d31-b84c-aaa4c0a1ecb9">
  <CompanyDetails Name="ricaun" />
  <Components Description="Revit 2019">
    <RuntimeRequirements OS="Win64" Platform="Revit" SeriesMin="R2019" SeriesMax="R2019" />
    <ComponentEntry AppName="ricaun.DA4R.NUnit" ModuleName=".\Contents\ricaun.DA4R.NUnit\3.0.0-rc\2019\ricaun.DA4R.NUnit.addin" />
  </Components>
  <Components Description="Revit 2021">
    <RuntimeRequirements OS="Win64" Platform="Revit" SeriesMin="R2021" SeriesMax="R2021" />
    <ComponentEntry AppName="ricaun.DA4R.NUnit" ModuleName=".\Contents\ricaun.DA4R.NUnit\3.0.0-rc\2021\ricaun.DA4R.NUnit.addin" />
  </Components>
  <Components Description="Revit 2025">
    <RuntimeRequirements OS="Win64" Platform="Revit" SeriesMin="R2025" SeriesMax="R2025" />
    <ComponentEntry AppName="ricaun.DA4R.NUnit" ModuleName=".\Contents\ricaun.DA4R.NUnit\3.0.0-rc\2025\ricaun.DA4R.NUnit.addin" />
  </Components>
  <Components Description="Revit 2020">
    <RuntimeRequirements OS="Win64" Platform="Revit" SeriesMin="R2020" SeriesMax="R2020" />
    <ComponentEntry AppName="ricaun.DA4R.NUnit" ModuleName=".\Contents\ricaun.DA4R.NUnit\3.0.0-rc\2019\ricaun.DA4R.NUnit.addin" />
  </Components>
  <Components Description="Revit 2022">
    <RuntimeRequirements OS="Win64" Platform="Revit" SeriesMin="R2022" SeriesMax="R2022" />
    <ComponentEntry AppName="ricaun.DA4R.NUnit" ModuleName=".\Contents\ricaun.DA4R.NUnit\3.0.0-rc\2021\ricaun.DA4R.NUnit.addin" />
  </Components>
  <Components Description="Revit 2023">
    <RuntimeRequirements OS="Win64" Platform="Revit" SeriesMin="R2023" SeriesMax="R2023" />
    <ComponentEntry AppName="ricaun.DA4R.NUnit" ModuleName=".\Contents\ricaun.DA4R.NUnit\3.0.0-rc\2021\ricaun.DA4R.NUnit.addin" />
  </Components>
  <Components Description="Revit 2024">
    <RuntimeRequirements OS="Win64" Platform="Revit" SeriesMin="R2024" SeriesMax="R2024" />
    <ComponentEntry AppName="ricaun.DA4R.NUnit" ModuleName=".\Contents\ricaun.DA4R.NUnit\3.0.0-rc\2021\ricaun.DA4R.NUnit.addin" />
  </Components>
  <Components Description="Revit 2026">
    <RuntimeRequirements OS="Win64" Platform="Revit" SeriesMin="R2026" SeriesMax="R2026" />
    <ComponentEntry AppName="ricaun.DA4R.NUnit" ModuleName=".\Contents\ricaun.DA4R.NUnit\3.0.0-rc\2025\ricaun.DA4R.NUnit.addin" />
  </Components>
  <Components Description="Revit 2027">
    <RuntimeRequirements OS="Win64" Platform="Revit" SeriesMin="R2027" SeriesMax="R2027" />
    <ComponentEntry AppName="ricaun.DA4R.NUnit" ModuleName=".\Contents\ricaun.DA4R.NUnit\3.0.0-rc\2025\ricaun.DA4R.NUnit.addin" />
  </Components>
</ApplicationPackage>